sample_id,known_label,snr_db,original_prediction,noisy_prediction,original_margin,noisy_margin,peak
genuine_1,genuine,20,genuine,genuine,7.890141010284424,6.418912887573242,0.3249896466732025
genuine_1,genuine,10,genuine,genuine,7.890141010284424,0.9672060608863831,0.34212183952331543
genuine_1,genuine,0,genuine,synthetic,7.890141010284424,-5.3503828048706055,0.416862428188324
synthetic_1,synthetic,20,synthetic,synthetic,-4.175396919250488,-3.7119808197021484,0.37288782000541687
synthetic_1,synthetic,10,synthetic,synthetic,-4.175396919250488,-2.2017507553100586,0.3772289752960205
synthetic_1,synthetic,0,synthetic,synthetic,-4.175396919250488,-4.570804119110107,0.39095693826675415
genuine_2,genuine,20,genuine,genuine,8.6649169921875,7.386752128601074,0.30136024951934814
genuine_2,genuine,10,genuine,synthetic,8.6649169921875,-0.24584631621837616,0.3051404058933258
genuine_2,genuine,0,genuine,synthetic,8.6649169921875,-3.938934087753296,0.37536823749542236
synthetic_2,synthetic,20,synthetic,synthetic,-11.932278633117676,-9.512710571289062,0.3383719325065613
synthetic_2,synthetic,10,synthetic,synthetic,-11.932278633117676,-4.179277420043945,0.3534020185470581
synthetic_2,synthetic,0,synthetic,synthetic,-11.932278633117676,-4.5354533195495605,0.40093132853507996
genuine_3,genuine,20,genuine,genuine,7.476815223693848,7.072362899780273,0.33335596323013306
genuine_3,genuine,10,genuine,genuine,7.476815223693848,2.4174647331237793,0.33618512749671936
genuine_3,genuine,0,genuine,synthetic,7.476815223693848,-4.149322032928467,0.36713293194770813
synthetic_3,synthetic,20,synthetic,synthetic,-6.676077842712402,-4.776641845703125,0.28903234004974365
synthetic_3,synthetic,10,synthetic,synthetic,-6.676077842712402,-4.207428932189941,0.3054639995098114
synthetic_3,synthetic,0,synthetic,synthetic,-6.676077842712402,-5.826142311096191,0.3727477490901947
genuine_4,genuine,20,genuine,genuine,5.8773393630981445,3.436652421951294,0.6247109174728394
genuine_4,genuine,10,genuine,synthetic,5.8773393630981445,-3.153754711151123,0.6334559917449951
genuine_4,genuine,0,genuine,synthetic,5.8773393630981445,-6.153424263000488,0.6611104607582092
synthetic_4,synthetic,20,synthetic,synthetic,-0.5213728547096252,-0.3852783143520355,0.2637893855571747
synthetic_4,synthetic,10,synthetic,synthetic,-0.5213728547096252,-3.628218650817871,0.28344377875328064
synthetic_4,synthetic,0,synthetic,synthetic,-0.5213728547096252,-5.01349401473999,0.34559643268585205
